Ticker,bar_id_dt,ask_update_count_l10,bid_update_count_l10,ask_update_count_l9,bid_update_count_l9,ask_update_count_l8,bid_update_count_l8,ask_update_count_l7,bid_update_count_l7,ask_update_count_l6,bid_update_count_l6,ask_update_count_l5,bid_update_count_l5,ask_update_count_l4,bid_update_count_l4,ask_update_count_l3,bid_update_count_l3,ask_update_count_l2,bid_update_count_l2,ask_update_count_l1,bid_update_count_l1
CLSK,2024-02-28T14:31:36.500,0,0,0,0,0,0,0,0,0,0,0,0,0,0,0,24,24,511,16,370
KOLD,2024-02-28T13:33:36.750,0,0,0,0,6,0,20,0,38,0,63,0,105,0,125,0,131,0,158,0
KOLD,2024-02-28T13:37:51.250,0,0,12,0,28,0,48,0,66,0,145,0,106,0,135,0,180,0,154,0
MBUU,2024-02-28T15:29:07.500,0,0,0,0,0,0,0,0,0,0,0,0,0,0,0,0,0,0,254,0
SQSP,2024-02-28T14:48:39.750,0,0,0,0,0,0,0,0,0,0,0,0,0,0,0,0,0,0,0,535
SQSP,2024-02-28T14:48:40.000,0,0,0,0,0,0,0,0,0,0,0,0,0,0,0,0,0,0,0,466
URBN,2024-02-28T15:14:52.000,0,0,0,0,0,0,0,0,0,0,0,0,0,0,3,0,1,0,664,0
URBN,2024-02-28T15:14:52.250,0,0,0,0,0,0,0,0,0,0,0,0,0,0,0,0,0,0,345,0
URBN,2024-02-28T15:35:13.750,0,0,0,0,0,0,0,0,0,0,0,0,0,0,51,0,31,0,255,0