bar_id,TradeDate,Ticker,ISOExchangeCode,MIC,ExchangeTicker,bar_id_dt,bar_duration_ms,market_state_mode,bar_start_dt,bar_end_dt,quote_count,bid_update_count_l1,bid_update_count_l2,bid_update_count_l3,bid_update_count_l4,bid_update_count_l5,bid_update_count_l6,bid_update_count_l7,bid_update_count_l8,bid_update_count_l9,bid_update_count_l10,ask_update_count_l1,ask_update_count_l2,ask_update_count_l3,ask_update_count_l4,ask_update_count_l5,ask_update_count_l6,ask_update_count_l7,ask_update_count_l8,ask_update_count_l9,ask_update_count_l10,volume_weighted_mid_l1,spread_ratio_l1,volume_weighted_mid_l2,spread_ratio_l2,volume_weighted_mid_l3,spread_ratio_l3,volume_weighted_mid_l4,spread_ratio_l4,volume_weighted_mid_l5,spread_ratio_l5,volume_weighted_mid_l6,spread_ratio_l6,volume_weighted_mid_l7,spread_ratio_l7,volume_weighted_mid_l8,spread_ratio_l8,volume_weighted_mid_l9,spread_ratio_l9,volume_weighted_mid_l10,spread_ratio_l10,quantity_imbalance_l1,quantity_imbalance_l2,quantity_imbalance_l3,quantity_imbalance_l4,quantity_imbalance_l5,quantity_imbalance_l6,quantity_imbalance_l7,quantity_imbalance_l8,quantity_imbalance_l9,quantity_imbalance_l10
1709130696500,2024-02-28,CLSK,CIS,XCIS,CLSK,2024-02-28T14:31:36.500,250,CONTINUOUS_TRADING,1709130696330947352,1709130696499604563,194,370,511,24,0,0,0,0,0,0,0,16,24,0,0,0,0,0,0,0,0,24.223425694602163,0.10669500531349635,NaN,NaN,NaN,NaN,NaN,NaN,NaN,NaN,NaN,NaN,NaN,NaN,NaN,NaN,NaN,NaN,NaN,NaN,-0.5565144976909683,1.0,NaN,NaN,NaN,NaN,NaN,NaN,NaN,NaN
1709131719750,2024-02-28,SQSP,CIS,XCIS,SQSP,2024-02-28T14:48:39.750,250,CONTINUOUS_TRADING,1709131719545543075,1709131719749924443,536,535,0,0,0,0,0,0,0,0,0,0,0,0,0,0,0,0,0,0,0,NaN,NaN,NaN,NaN,NaN,NaN,NaN,NaN,NaN,NaN,NaN,NaN,NaN,NaN,NaN,NaN,NaN,NaN,NaN,NaN,1.0,NaN,NaN,NaN,NaN,NaN,NaN,NaN,NaN,NaN
1709133292000,2024-02-28,URBN,CIS,XCIS,URBN,2024-02-28T15:14:52.000,250,CONTINUOUS_TRADING,1709133291915559459,1709133291999831576,663,0,0,0,0,0,0,0,0,0,0,664,1,3,0,0,0,0,0,0,0,38.46,0.14092563702548105,NaN,NaN,NaN,NaN,NaN,NaN,NaN,NaN,NaN,NaN,NaN,NaN,NaN,NaN,NaN,NaN,NaN,NaN,0.0,-1.0,NaN,NaN,NaN,NaN,NaN,NaN,NaN,NaN
1709134147500,2024-02-28,MBUU,CIS,XCIS,MBUU,2024-02-28T15:29:07.500,250,CONTINUOUS_TRADING,1709134147273324723,1709134147455875932,255,0,0,0,0,0,0,0,0,0,0,254,0,0,0,0,0,0,0,0,0,NaN,NaN,NaN,NaN,NaN,NaN,NaN,NaN,NaN,NaN,NaN,NaN,NaN,NaN,NaN,NaN,NaN,NaN,NaN,NaN,-1.0,NaN,NaN,NaN,NaN,NaN,NaN,NaN,NaN,NaN
1709127216750,2024-02-28,KOLD,CIS,XCIS,KOLD,2024-02-28T13:33:36.750,250,PRE_OPEN,1709127216718231114,1709127216720969529,146,0,0,0,0,0,0,0,0,0,0,158,131,125,105,63,38,20,6,0,0,NaN,NaN,NaN,NaN,NaN,NaN,NaN,NaN,NaN,NaN,NaN,NaN,NaN,NaN,NaN,NaN,NaN,NaN,NaN,NaN,-1.0,-1.0,-1.0,NaN,NaN,NaN,NaN,NaN,NaN,NaN
1709133292250,2024-02-28,URBN,CIS,XCIS,URBN,2024-02-28T15:14:52.250,250,CONTINUOUS_TRADING,1709133292000156656,1709133292043842723,346,0,0,0,0,0,0,0,0,0,0,345,0,0,0,0,0,0,0,0,0,38.46,0.14092563702548105,NaN,NaN,NaN,NaN,NaN,NaN,NaN,NaN,NaN,NaN,NaN,NaN,NaN,NaN,NaN,NaN,NaN,NaN,0.0,-1.0,NaN,NaN,NaN,NaN,NaN,NaN,NaN,NaN
1709131720000,2024-02-28,SQSP,CIS,XCIS,SQSP,2024-02-28T14:48:40.000,250,CONTINUOUS_TRADING,1709131719750635236,1709131719927884862,467,466,0,0,0,0,0,0,0,0,0,0,0,0,0,0,0,0,0,0,0,NaN,NaN,NaN,NaN,NaN,NaN,NaN,NaN,NaN,NaN,NaN,NaN,NaN,NaN,NaN,NaN,NaN,NaN,NaN,NaN,1.0,NaN,NaN,NaN,NaN,NaN,NaN,NaN,NaN,NaN
1709127471250,2024-02-28,KOLD,CIS,XCIS,KOLD,2024-02-28T13:37:51.250,250,PRE_OPEN,1709127471124043978,1709127471249995052,187,0,0,0,0,0,0,0,0,0,0,154,180,135,106,145,66,48,28,12,0,NaN,NaN,NaN,NaN,NaN,NaN,NaN,NaN,NaN,NaN,NaN,NaN,NaN,NaN,NaN,NaN,NaN,NaN,NaN,NaN,-1.0,-1.0,-1.0,NaN,NaN,NaN,NaN,NaN,NaN,NaN
1709134513750,2024-02-28,URBN,CIS,XCIS,URBN,2024-02-28T15:35:13.750,250,CONTINUOUS_TRADING,1709134513627813784,1709134513672837281,267,0,0,0,0,0,0,0,0,0,0,255,31,51,0,0,0,0,0,0,0,38.425,0.13923227065712432,NaN,NaN,NaN,NaN,NaN,NaN,NaN,NaN,NaN,NaN,NaN,NaN,NaN,NaN,NaN,NaN,NaN,NaN,0.0,-1.0,NaN,NaN,NaN,NaN,NaN,NaN,NaN,NaN
